,title,likes
36453,BTS (방탄소년단) 'FAKE LOVE' Official MV,5053338
36153,BTS (방탄소년단) 'FAKE LOVE' Official MV,4924056
35900,BTS (방탄소년단) 'FAKE LOVE' Official MV,4750254
35685,BTS (방탄소년단) 'FAKE LOVE' Official MV,4470888
35515,BTS (방탄소년단) 'FAKE LOVE' Official MV,3880074
34361,Childish Gambino - This Is America (Official Video),3037318
5900,YouTube Rewind: The Shape of 2017 | #YouTubeRewind,3014479
5623,YouTube Rewind: The Shape of 2017 | #YouTubeRewind,2912715
5398,YouTube Rewind: The Shape of 2017 | #YouTubeRewind,2811217
34131,Childish Gambino - This Is America (Official Video),2735961
