,title,views
5900,YouTube Rewind: The Shape of 2017 | #YouTubeRewind,137843120
5623,YouTube Rewind: The Shape of 2017 | #YouTubeRewind,125431369
5398,YouTube Rewind: The Shape of 2017 | #YouTubeRewind,113876217
5197,YouTube Rewind: The Shape of 2017 | #YouTubeRewind,100911567
34361,Childish Gambino - This Is America (Official Video),98938809
4699,Marvel Studios' Avengers: Infinity War Official Trailer,89930713
4451,Marvel Studios' Avengers: Infinity War Official Trailer,87450245
34131,Childish Gambino - This Is America (Official Video),85092067
4202,Marvel Studios' Avengers: Infinity War Official Trailer,84281319
36453,BTS (방탄소년단) 'FAKE LOVE' Official MV,80738011
