,title,dislikes
5900,YouTube Rewind: The Shape of 2017 | #YouTubeRewind,1602383
5623,YouTube Rewind: The Shape of 2017 | #YouTubeRewind,1545018
5398,YouTube Rewind: The Shape of 2017 | #YouTubeRewind,1470387
5197,YouTube Rewind: The Shape of 2017 | #YouTubeRewind,1353655
4996,YouTube Rewind: The Shape of 2017 | #YouTubeRewind,1127811
4795,YouTube Rewind: The Shape of 2017 | #YouTubeRewind,884963
2898,Jake Paul - It's Everyday Bro (Remix) [feat. Gucci Mane],504340
4597,YouTube Rewind: The Shape of 2017 | #YouTubeRewind,483943
2627,Jake Paul - It's Everyday Bro (Remix) [feat. Gucci Mane],480359
14852,Suicide: Be Here Tomorrow.,461660
